"Fecha","Último","Apertura","Máximo","Mínimo","Vol.","% var."
"30.06.2026","1.989,44","1.915,50","1.999,96","1.913,88","2,71M","5,65%"
"29.06.2026","1.883,11","1.798,95","1.886,12","1.772,52","1,76M","4,93%"
"26.06.2026","1.794,62","1.781,66","1.809,00","1.767,64","2,84M","-2,53%"
"25.06.2026","1.841,18","1.855,50","1.855,91","1.777,04","2,20M","4,45%"
"24.06.2026","1.762,77","1.750,42","1.779,65","1.730,29","2,03M","-0,88%"
"23.06.2026","1.778,46","1.777,70","1.812,95","1.755,97","2,42M","-7,82%"
"22.06.2026","1.929,25","1.953,52","1.959,04","1.886,44","1,79M","-0,02%"
"18.06.2026","1.929,68","1.924,18","1.942,87","1.909,53","2,41M","3,31%"
"17.06.2026","1.867,83","1.897,20","1.938,49","1.865,32","2,32M","3,54%"
"16.06.2026","1.803,89","1.872,01","1.881,16","1.802,61","1,80M","-4,69%"
"15.06.2026","1.892,66","1.894,54","1.913,70","1.865,00","2,34M","1,56%"
"12.06.2026","1.863,55","1.847,61","1.892,80","1.839,00","2,53M","-1,89%"
"11.06.2026","1.899,48","1.780,00","1.903,50","1.775,10","2,97M","9,53%"
"10.06.2026","1.734,19","1.746,46","1.812,00","1.723,21","2,59M","-2,45%"
"09.06.2026","1.777,77","1.776,62","1.831,11","1.676,28","3,15M","1,64%"
"08.06.2026","1.749,04","1.732,79","1.769,49","1.719,02","2,06M","6,54%"
"05.06.2026","1.641,74","1.685,36","1.705,48","1.638,38","2,74M","-6,59%"
"04.06.2026","1.757,47","1.679,80","1.779,29","1.672,43","2,25M","1,80%"
"03.06.2026","1.726,36","1.709,31","1.743,27","1.690,00","1,83M","1,23%"
"02.06.2026","1.705,37","1.659,69","1.708,32","1.647,59","1,48M","4,72%"
"01.06.2026","1.628,57","1.594,47","1.646,53","1.585,61","1,06M","0,98%"
"29.05.2026","1.612,76","1.633,47","1.654,20","1.604,86","1,07M","0,44%"
"28.05.2026","1.605,77","1.617,09","1.627,53","1.580,00","972,55K","0,49%"
"27.05.2026","1.597,87","1.637,35","1.639,13","1.583,00","1,36M","-2,09%"
"26.05.2026","1.632,03","1.641,85","1.648,01","1.604,25","1,65M","-0,05%"
"22.05.2026","1.632,90","1.620,03","1.653,53","1.615,85","1,67M","2,57%"
"21.05.2026","1.592,00","1.548,68","1.601,79","1.545,94","1,36M","2,70%"
"20.05.2026","1.550,13","1.502,38","1.555,80","1.492,32","1,74M","6,21%"
"19.05.2026","1.459,44","1.449,93","1.485,76","1.441,31","1,40M","-0,88%"
"18.05.2026","1.472,39","1.521,24","1.522,48","1.453,34","1,66M","-1,96%"
"15.05.2026","1.501,81","1.511,74","1.527,25","1.486,64","1,81M","-5,22%"
"14.05.2026","1.584,51","1.573,74","1.603,49","1.563,28","1,41M","0,19%"
"13.05.2026","1.581,58","1.539,39","1.602,60","1.521,08","1,69M","3,99%"
"12.05.2026","1.520,94","1.526,14","1.535,11","1.475,00","1,85M","-2,87%"
"11.05.2026","1.565,81","1.559,30","1.567,99","1.521,36","2,19M","-1,65%"
"08.05.2026","1.592,02","1.538,53","1.595,31","1.531,16","2,29M","4,97%"
"07.05.2026","1.516,60","1.548,74","1.550,00","1.497,81","1,73M","-1,82%"
"06.05.2026","1.544,74","1.503,09","1.545,52","1.496,00","2,31M","7,06%"
"05.05.2026","1.442,92","1.432,42","1.454,80","1.414,39","1,62M","4,09%"
"04.05.2026","1.386,21","1.401,77","1.417,07","1.366,79","1,76M","-2,86%"
"01.05.2026","1.427,02","1.428,29","1.444,15","1.414,00","707,12K","-0,83%"
"30.04.2026","1.438,99","1.414,34","1.446,65","1.395,00","1,41M","3,22%"
"29.04.2026","1.394,08","1.386,70","1.399,70","1.374,92","1,26M","0,69%"
"28.04.2026","1.384,56","1.389,73","1.398,63","1.364,81","1,93M","-3,34%"
"27.04.2026","1.432,44","1.457,84","1.458,30","1.415,69","1,33M","-1,73%"
"24.04.2026","1.457,70","1.459,53","1.472,65","1.441,69","1,75M","2,81%"
"23.04.2026","1.417,80","1.438,94","1.450,00","1.396,23","1,80M","-1,79%"
"22.04.2026","1.443,66","1.477,00","1.477,00","1.378,30","2,62M","-1,05%"
"21.04.2026","1.458,97","1.476,09","1.480,17","1.446,25","1,27M","-1,19%"
"20.04.2026","1.476,50","1.461,49","1.479,30","1.452,00","1,09M","1,14%"
"17.04.2026","1.459,80","1.463,76","1.472,48","1.445,69","1,88M","3,47%"
"16.04.2026","1.410,83","1.453,00","1.453,92","1.406,50","2,63M","-4,79%"
"15.04.2026","1.481,77","1.473,53","1.486,17","1.415,25","4,25M","-2,41%"
"14.04.2026","1.518,30","1.526,39","1.531,98","1.496,98","1,77M","1,21%"
"13.04.2026","1.500,20","1.465,16","1.500,80","1.461,03","1,71M","1,48%"
"10.04.2026","1.478,28","1.482,35","1.502,50","1.473,71","1,52M","2,05%"
"09.04.2026","1.448,64","1.412,11","1.453,55","1.412,11","1,58M","1,94%"
"08.04.2026","1.421,05","1.421,00","1.429,29","1.384,22","2,43M","8,77%"
"07.04.2026","1.306,45","1.290,44","1.309,00","1.272,20","1,37M","0,19%"
"06.04.2026","1.304,01","1.315,10","1.320,00","1.280,36","1,30M","-1,00%"
"02.04.2026","1.317,23","1.305,54","1.356,20","1.298,18","1,88M","-3,13%"
"01.04.2026","1.359,76","1.345,64","1.385,72","1.344,56","1,74M","2,95%"
"31.03.2026","1.320,83","1.284,32","1.322,41","1.276,01","1,73M","5,33%"
"30.03.2026","1.253,96","1.318,77","1.322,92","1.248,11","2,14M","-3,72%"
"27.03.2026","1.302,47","1.318,43","1.333,78","1.298,52","1,76M","-2,03%"
"26.03.2026","1.329,50","1.356,81","1.359,42","1.326,85","1,72M","-4,62%"
"25.03.2026","1.393,89","1.394,09","1.405,83","1.366,69","1,61M","-0,40%"
"24.03.2026","1.399,42","1.349,12","1.413,28","1.348,68","1,80M","2,18%"
"23.03.2026","1.369,62","1.359,73","1.400,39","1.348,11","1,98M","3,98%"
"20.03.2026","1.317,25","1.357,26","1.370,00","1.291,10","2,65M","-3,60%"
"19.03.2026","1.366,39","1.315,24","1.372,46","1.310,37","1,62M","0,83%"
"18.03.2026","1.355,17","1.373,36","1.381,29","1.354,02","1,39M","-2,45%"
"17.03.2026","1.389,16","1.385,05","1.391,06","1.369,31","1,14M","0,99%"
"16.03.2026","1.375,56","1.379,52","1.390,16","1.368,20","1,31M","2,22%"
"13.03.2026","1.345,69","1.367,54","1.386,79","1.342,50","1,18M","-0,44%"
"12.03.2026","1.351,58","1.372,54","1.372,54","1.333,57","1,78M","-2,53%"
"11.03.2026","1.386,68","1.383,96","1.404,78","1.372,00","1,17M","0,24%"
"10.03.2026","1.383,40","1.374,59","1.407,54","1.369,91","1,65M","1,91%"
"09.03.2026","1.357,42","1.284,79","1.359,00","1.276,11","1,81M","5,00%"
"06.03.2026","1.292,80","1.293,86","1.338,00","1.286,67","1,90M","-5,52%"
"05.03.2026","1.368,36","1.381,12","1.407,38","1.339,45","1,81M","-2,22%"
"04.03.2026","1.399,37","1.391,13","1.405,55","1.372,71","1,49M","2,82%"
"03.03.2026","1.360,94","1.357,58","1.373,50","1.329,03","2,01M","-4,40%"
"02.03.2026","1.423,54","1.417,75","1.442,69","1.411,21","1,49M","-1,86%"
"27.02.2026","1.450,56","1.430,34","1.461,72","1.424,50","1,36M","-0,90%"
"26.02.2026","1.463,80","1.512,82","1.514,33","1.426,59","2,18M","-4,11%"
"25.02.2026","1.526,51","1.522,40","1.547,22","1.516,48","1,31M","1,92%"
"24.02.2026","1.497,80","1.500,02","1.507,35","1.473,93","1,54M","0,79%"
"23.02.2026","1.485,99","1.471,40","1.493,01","1.462,00","1,28M","1,12%"
"20.02.2026","1.469,59","1.449,42","1.487,01","1.448,32","1,10M","0,73%"
"19.02.2026","1.458,93","1.439,04","1.459,79","1.427,58","1,14M","-0,67%"
"18.02.2026","1.468,72","1.436,47","1.476,50","1.427,38","1,33M","3,45%"
"17.02.2026","1.419,78","1.392,57","1.428,50","1.382,75","1,10M","0,94%"
"13.02.2026","1.406,61","1.414,85","1.436,66","1.401,00","1,25M","-0,02%"
"12.02.2026","1.406,87","1.435,23","1.439,25","1.392,20","1,52M","-2,00%"
"11.02.2026","1.435,63","1.440,40","1.451,49","1.409,34","1,14M","1,56%"
"10.02.2026","1.413,62","1.439,27","1.439,89","1.410,80","1,20M","-1,11%"
"09.02.2026","1.429,49","1.415,84","1.437,09","1.408,60","1,13M","1,17%"
"06.02.2026","1.413,01","1.372,37","1.415,97","1.368,52","1,97M","4,66%"
"05.02.2026","1.350,16","1.329,12","1.368,86","1.319,53","1,79M","0,82%"
"04.02.2026","1.339,13","1.395,76","1.406,09","1.316,06","2,48M","-4,07%"
"03.02.2026","1.395,88","1.436,04","1.445,81","1.371,91","2,21M","-3,16%"
"02.02.2026","1.441,39","1.397,24","1.453,16","1.395,40","1,77M","1,29%"
"30.01.2026","1.423,00","1.440,04","1.466,43","1.416,01","2,36M","-2,21%"
"29.01.2026","1.455,16","1.459,32","1.467,49","1.399,09","2,82M","2,27%"
"28.01.2026","1.422,92","1.493,00","1.493,47","1.408,05","5,04M","-2,18%"
"27.01.2026","1.454,59","1.417,63","1.473,59","1.417,00","3,47M","2,92%"
"26.01.2026","1.413,35","1.385,87","1.419,95","1.385,16","2,00M","1,75%"
"23.01.2026","1.389,04","1.376,32","1.393,36","1.363,27","1,56M","-0,43%"
"22.01.2026","1.395,00","1.393,65","1.398,80","1.373,28","1,84M","2,57%"
"21.01.2026","1.360,09","1.332,00","1.371,00","1.322,67","2,39M","2,57%"
"20.01.2026","1.326,07","1.319,12","1.351,26","1.311,31","2,97M","-2,39%"
"16.01.2026","1.358,57","1.355,70","1.375,37","1.338,24","2,47M","2,03%"
"15.01.2026","1.331,60","1.353,64","1.358,00","1.330,00","2,86M","5,37%"
"14.01.2026","1.263,72","1.267,12","1.273,27","1.249,62","1,54M","-0,51%"
"13.01.2026","1.270,16","1.282,32","1.291,48","1.268,12","1,37M","-0,86%"
"12.01.2026","1.281,23","1.256,06","1.283,56","1.255,25","1,49M","0,58%"
"09.01.2026","1.273,88","1.232,85","1.282,00","1.220,99","2,39M","6,66%"
"08.01.2026","1.194,32","1.217,26","1.224,54","1.176,00","1,68M","-2,78%"
"07.01.2026","1.228,47","1.227,45","1.235,76","1.222,00","1,35M","-1,10%"
"06.01.2026","1.242,19","1.222,82","1.246,38","1.222,42","1,90M","1,14%"
"05.01.2026","1.228,19","1.211,22","1.237,86","1.211,22","3,29M","5,53%"
"02.01.2026","1.163,78","1.133,76","1.172,77","1.133,48","2,70M","8,78%"